kyasbalme_AiToEarn	HEAD=4555cb1825acb6b740419709ace2b101404f168a	tree=b1f9eac5b4710bbb723943bd313dc3222231a7fd	commits=3004
kyasbalme_MMF	EMPTY
kyasbalme_ojosama	HEAD=13d4d93f397c6c8dd7efdd371fb0a69eefc80f76	tree=e8c189697c30a81c515f6e9d51037b9c01e98e22	commits=77
kyasbalme_robokssay	HEAD=7d026b876fb8d2b8cab86520deeebd00efecf5d7	tree=ced16a3cb0d24ecd4d94b3e1e375fa4ad9eedbf1	commits=80
kyasbalme_Scrapbox	HEAD=ea78b4344cbed964a6ffbe04c1725d7bc911ad0a	tree=64e30be19168a554eb20fd7ae815826960e04775	commits=625
kyasbalme_vovo	HEAD=5f11ab159b8cfd7d88c45432f27705334f80ef67	tree=927152b055a0f77d0250d1b23311441e67e187ab	commits=324
luliguyu_academ	HEAD=269d9c28c71479f635f68f504a7c18efea27b869	tree=87a93b252a928bf1e0c2271e6facb0d106eab402	commits=90
luliguyu_cmbd-book	HEAD=f2282434a43ede17308f1affd67e4bed77c039fb	tree=0dde4d3ed8d1357ead457b1b2d988175f1e7df2b	commits=623
luliguyu_crewrktabletsn	HEAD=1fd432f379b6a7d2e7ce844ee75321a7d893ec25	tree=8a34d9ea35e7a21db3c3892a3f01f6f026b00326	commits=33
luliguyu_dimatura	HEAD=f4cb8d46469e33f2d4c37d2e649afe5d2b1b20ae	tree=43210ce03dfaaa6dffc23e6bd6beb44276419043	commits=609
luliguyu_grammar_11	HEAD=5246e331791daf56052337a1fbd153620df5fcb3	tree=15b374ad260c5f650be9f460abc1c82da359abcb	commits=76
luliguyu_one-click	HEAD=0f7f63f9871462da35dda59478335728322f63ce	tree=fd786283c4d76196c0214a116b194918d72765be	commits=135
luliguyu_sachinDevloop	HEAD=b0236c7f91ad830d882a0202c7ce5b14ab6ed85d	tree=61d93e5ff0146cf47fe4ec0052dd2a1a181a9ce8	commits=28
luliguyu_ssaavedrad	HEAD=df24a1b56d936edb36cb3e77a31a8470aa5c3041	tree=1fcc4e736651fc57ecdaef1c944f9769725a2dd1	commits=496
luliguyu_statbox2	HEAD=77c87671d9e5be9bfc5bc091387bb32344271ce4	tree=66467adff56cefc86141582954c76bafabd66939	commits=286
luliguyu_WildDet3D	HEAD=ebbb93c1be39fcd91dcdd341aa7d59cb69a48883	tree=43d8888b0f59d452030ed8b412cb01d19b904419	commits=17
